customer_id,customer_name,email,gender,age,city,region,signup_date,customer_segment
1,Kristy Robinson,katie29@example.net,Male,65,Jaipur,North,2022-11-01,Regular
2,Paula Martin,daniel04@example.net,Male,65,Kochi,South,2025-08-17,Regular
3,Jennifer Espinoza,vargasmaria@example.org,Female,20,Lucknow,North,2024-09-03,Regular
4,Sarah Burke,hoganashlee@example.org,Male,50,Hyderabad,South,2022-10-03,Premium
5,Jacob Hunter,alexander67@example.org,Female,32,Hyderabad,South,2023-07-28,Regular
6,Steven Stevens,ryangross@example.net,Male,28,Mumbai,West,2023-11-11,Premium
7,Kimberly Webb,lpetersen@example.com,Female,27,Ahmedabad,West,2023-04-25,Regular
8,Timothy Ramirez,dsanchez@example.net,Male,23,Ahmedabad,West,2023-06-28,Regular
9,Allen Rosales,tonykelly@example.com,Female,56,Surat,West,2024-06-13,Regular
10,Meredith Hill,blackjames@example.org,Female,52,Chandigarh,North,2023-07-20,Regular
11,Peter Vaughn DDS,bwest@example.org,Male,53,Kolkata,East,2024-10-25,Regular
12,David Beck,thomas85@example.com,Male,63,Surat,West,2023-05-25,Regular
13,Heather Chavez,john13@example.com,Female,23,Kochi,South,2025-09-26,New
14,Pamela Lopez,joannahill@example.net,Female,35,Jaipur,North,2022-10-24,Regular
15,Diane Garcia,kennethward@example.com,Male,41,Surat,West,2025-09-02,Regular
16,Denise Mccann,heidi27@example.org,Male,56,Mumbai,West,2022-06-18,Premium
17,Julie Alexander,tammyking@example.com,Male,47,Kochi,South,2025-04-28,Regular
18,John Ray,hernandezlisa@example.com,Female,21,Kochi,South,2022-10-17,Regular
19,Justin Butler,kimberlyjames@example.com,Female,43,Chandigarh,North,2022-09-12,Regular
20,Jessica Carroll,lynchjody@example.org,Female,31,Hyderabad,South,2023-05-29,Premium
21,Brad Allen,moorericky@example.net,Female,27,Kolkata,East,2024-07-01,Regular
22,David Mann,ojones@example.com,Female,65,Kochi,South,2024-05-24,Premium
23,Mary Peck,owilson@example.net,Female,32,Kolkata,East,2025-01-15,New
24,Charles Brown,brooke94@example.com,Female,23,Bengaluru,South,2022-11-29,New
25,Melissa Bender,mkim@example.org,Male,58,Jaipur,North,2022-10-30,Regular
26,Lindsey Johnson,suzannehuff@example.net,Male,42,Bhubaneswar,East,2025-05-19,Regular
27,Phillip Underwood,hinesgregory@example.net,Female,53,Patna,East,2024-05-16,New
28,Catherine Richards,ecosta@example.com,Male,61,Delhi,North,2024-08-02,New
29,Brian Martin,ssteele@example.net,Female,25,Mumbai,West,2023-10-11,Regular
30,Krista Gibson,johnny16@example.net,Female,18,Chennai,South,2025-07-26,New
31,Sean Murray,lopezmichael@example.com,Male,50,Mumbai,West,2025-03-01,New
32,Christina Dunn,samuel71@example.org,Male,27,Pune,West,2024-07-01,Regular
33,Cynthia Moore,tranchristopher@example.org,Male,56,Chennai,South,2025-08-29,Regular
34,Ronnie Jimenez,william46@example.com,Male,41,Delhi,North,2023-12-15,New
35,Juan Reyes,michellehill@example.com,Male,21,Pune,West,2025-09-06,Regular
36,Debra Smith,mary97@example.org,Male,64,Lucknow,North,2023-07-19,Regular
37,Mr. Phillip Bennett,molly39@example.com,Male,26,Lucknow,North,2023-11-26,Premium
38,Amanda Garner,qhughes@example.net,Female,51,Chennai,South,2023-03-12,New
39,Andrew Shaw MD,sawyerscott@example.net,Male,52,Bhubaneswar,East,2025-09-07,New
40,Charles Pitts,charlesharrington@example.com,Female,43,Hyderabad,South,2025-06-13,New
41,Marie Christian,ofinley@example.net,Female,51,Surat,West,2023-07-18,Regular
42,Joshua Williamson II,wendy16@example.org,Male,22,Kochi,South,2025-05-16,Regular
43,Ashlee Jackson,rebecca05@example.org,Male,18,Kochi,South,2024-12-13,Regular
44,Charles Schmidt,georgemiller@example.com,Male,22,Chandigarh,North,2023-05-24,New
45,Thomas Thomas,dlittle@example.com,Male,50,Ahmedabad,West,2024-06-24,Regular
46,Julie Roberts,charleslandry@example.net,Male,52,Guwahati,East,2024-08-21,Regular
47,Melissa Bryant,james67@example.org,Male,48,Guwahati,East,2023-05-31,New
48,Laura Haney,andrew64@example.org,Male,24,Hyderabad,South,2023-03-16,Premium
49,Natasha Williams,swall@example.org,Female,44,Surat,West,2024-04-20,Regular
50,Mark Oliver,courtneyberger@example.net,Male,21,Chandigarh,North,2024-06-09,Regular
51,Amanda Diaz,christopherphillips@example.net,Male,33,Ahmedabad,West,2022-07-19,Regular
52,Richard Walter,alyssa42@example.com,Male,45,Patna,East,2023-10-20,Regular
53,Tracy Phillips,linda71@example.org,Male,22,Patna,East,2025-06-18,Regular
54,Michael Craig,zcoffey@example.net,Male,59,Jaipur,North,2024-12-05,New
55,Alexis Herrera,vrichardson@example.net,Male,33,Delhi,North,2023-08-20,Regular
56,Mark Watson,thomasharvey@example.net,Female,31,Guwahati,East,2023-04-16,New
57,Maria Reid,tblankenship@example.net,Male,42,Chandigarh,North,2023-07-05,Regular
58,Tracy Torres,pwilson@example.net,Female,47,Kolkata,East,2023-10-11,Regular
59,Michael Paul,umatthews@example.org,Male,30,Guwahati,East,2022-11-13,Regular
60,Sandra Gilbert,antonio53@example.com,Male,65,Chandigarh,North,2025-05-14,Regular
61,Jack Pollard,amy50@example.com,Female,50,Chandigarh,North,2023-11-24,New
62,Tiffany Holloway,batesdarlene@example.net,Male,50,Chennai,South,2023-05-03,Regular
63,Gavin Zhang,caseyhubbard@example.org,Male,56,Chennai,South,2025-08-26,Regular
64,Crystal Schroeder,ramireztracey@example.org,Female,25,Kochi,South,2024-05-15,New
65,Ashley Delacruz,alexistyler@example.org,Male,57,Kochi,South,2024-03-19,Regular
66,Derek Martinez,vfox@example.org,Female,31,Ahmedabad,West,2024-05-18,Premium
67,Kayla Rodriguez,soniawilliams@example.net,Male,34,Ahmedabad,West,2024-01-02,Regular
68,Victor Brown,bboone@example.net,Female,38,Pune,West,2024-02-26,New
69,Jill Lam,charlene12@example.com,Male,47,Lucknow,North,2022-10-10,Premium
70,Michelle James,shawn96@example.org,Male,52,Jaipur,North,2024-06-30,Regular
71,Matthew Rich,russellbeasley@example.com,Male,40,Mumbai,West,2025-01-21,New
72,Jason Davis,qedwards@example.com,Female,36,Kochi,South,2023-07-18,Regular
73,Kara Davis,daviscolin@example.net,Male,60,Pune,West,2025-08-05,New
74,Anthony Frye,elizabeth65@example.net,Male,26,Pune,West,2023-08-28,Regular
75,Thomas Williams,caroline51@example.net,Male,35,Jaipur,North,2025-07-21,Regular
76,John Boone,megan51@example.com,Female,31,Hyderabad,South,2024-02-09,Premium
77,Sarah Villegas,lynchdiane@example.net,Female,34,Mumbai,West,2024-04-30,New
78,Michael Parker,michael22@example.net,Male,58,Chandigarh,North,2023-04-22,Regular
79,Patrick Bonilla,reesejason@example.com,Male,18,Mumbai,West,2024-08-09,Regular
80,Eric Nguyen,wareeric@example.net,Female,28,Bengaluru,South,2023-12-05,Premium
81,Jeremy Coleman,nperry@example.net,Male,25,Bhubaneswar,East,2022-07-31,Regular
82,Douglas Gregory,trose@example.org,Male,41,Bengaluru,South,2022-10-17,Premium
83,Mrs. Christine Dougherty,kathrynroberts@example.org,Female,26,Bengaluru,South,2023-02-24,Regular
84,Casey James,vincentwhitaker@example.com,Male,40,Surat,West,2022-06-10,Regular
85,Amanda Smith,atkinsbarbara@example.net,Male,40,Kochi,South,2022-08-27,New
86,Donna Sullivan,george97@example.net,Male,33,Bhubaneswar,East,2023-10-06,New
87,Ryan Sanchez,zwarren@example.com,Female,19,Chennai,South,2025-06-25,Regular
88,Richard Jones,schmidtjames@example.com,Female,60,Ahmedabad,West,2024-11-25,New
89,Maria Hernandez,thomasjames@example.net,Female,28,Kochi,South,2023-08-02,New
90,Angela Bean,kmarshall@example.net,Female,20,Jaipur,North,2022-12-04,New
91,Kristy Reid,michelle52@example.com,Male,47,Kochi,South,2023-11-29,Regular
92,Eric Hill,bellcharles@example.com,Male,19,Kochi,South,2022-08-23,Premium
93,Ronald Jones,gilbertwilliam@example.com,Female,35,Kolkata,East,2023-12-03,New
94,Nancy Williams,marcalvarez@example.org,Female,59,Mumbai,West,2024-05-07,Regular
95,Robert Monroe,wagnergerald@example.org,Male,25,Ahmedabad,West,2025-08-10,New
96,Kelly Bishop MD,paul59@example.org,Male,55,Mumbai,West,2024-10-09,New
97,Andrea Davis,umitchell@example.net,Male,24,Mumbai,West,2025-01-17,Premium
98,Brittany Miller,sabrinacollins@example.net,Female,45,Surat,West,2025-08-18,Premium
99,Kurt Hurley,angelica52@example.net,Female,54,Jaipur,North,2024-09-28,Regular
100,Yolanda Gaines,lucasrodney@example.com,Female,18,Chandigarh,North,2024-10-04,Regular
101,Trevor Peterson,ilee@example.org,Female,45,Hyderabad,South,2022-06-23,Regular
102,Ashley Wise,stanleynancy@example.net,Female,60,Ahmedabad,West,2022-09-02,New
103,Christopher Guerra,jenniferwilliams@example.com,Female,60,Pune,West,2022-11-07,Regular
104,Jeremy Mitchell,pyoung@example.com,Female,53,Kolkata,East,2024-09-01,Regular
105,Stephanie Lee,smurray@example.com,Female,61,Bhubaneswar,East,2025-08-20,Premium
106,Christopher Gonzalez,moniquewilliams@example.com,Female,43,Chennai,South,2024-02-03,Regular
107,Ashley Singleton,mitchellkathryn@example.com,Female,36,Delhi,North,2025-04-30,Regular
108,Sandra Davis,lisawilkerson@example.org,Female,46,Ahmedabad,West,2023-11-30,Regular
109,James Hughes,brooksanthony@example.org,Female,65,Hyderabad,South,2023-10-19,Regular
110,Raven Taylor,samantha72@example.net,Female,50,Lucknow,North,2025-03-19,Premium
111,Susan Smith,marydunn@example.net,Male,33,Ahmedabad,West,2023-12-24,Premium
112,Ricardo Young,williamsrobert@example.net,Male,27,Kochi,South,2024-06-11,Regular
113,Taylor Carlson,chenbailey@example.net,Female,57,Kochi,South,2023-12-09,New
114,Lucas Allen,qlopez@example.org,Female,44,Lucknow,North,2022-11-22,New
115,Troy Stephens,myerstheodore@example.net,Female,49,Hyderabad,South,2024-02-28,Regular
116,Paul Kelly,cooperjessica@example.net,Male,24,Bengaluru,South,2023-09-15,New
117,Nicole Anderson,amy27@example.net,Male,62,Kochi,South,2022-10-05,Regular
118,Chad Baldwin,mjohnson@example.org,Male,25,Chandigarh,North,2024-01-04,Regular
119,Emily Collins,ihays@example.com,Female,46,Patna,East,2025-01-19,Premium
120,Cheryl Kelly,glennmartin@example.org,Female,28,Bhubaneswar,East,2023-04-05,Premium
121,James Gonzales,lmorgan@example.com,Female,34,Guwahati,East,2025-01-29,New
122,Robert Adams,acostachristian@example.net,Female,58,Mumbai,West,2024-09-20,Regular
123,Edward Garcia,donna47@example.net,Male,63,Patna,East,2025-09-25,Regular
124,Jeremy West,christina64@example.net,Female,38,Mumbai,West,2024-10-22,New
125,Angela Walsh,william20@example.org,Male,27,Lucknow,North,2025-09-06,Regular
126,Jessica Martinez,kimberlydiaz@example.com,Male,22,Bengaluru,South,2025-03-30,Regular
127,Christian Cole,nathan19@example.org,Female,44,Ahmedabad,West,2025-07-31,Regular
128,Matthew Wright,johnsonjacob@example.net,Female,55,Bhubaneswar,East,2024-03-06,New
129,Deborah Green,nlewis@example.com,Female,48,Delhi,North,2023-09-15,Regular
130,Mrs. Brandy Jones MD,zosborn@example.net,Female,42,Surat,West,2024-09-23,New
131,Miss Michelle Pierce,patricia22@example.com,Male,49,Bhubaneswar,East,2025-08-22,Regular
132,Curtis Taylor,jjohnson@example.net,Female,19,Bhubaneswar,East,2024-02-10,Regular
133,Kristen Salazar,jonesraymond@example.net,Male,47,Kolkata,East,2023-08-24,New
134,Patricia Morrow,martinezlogan@example.org,Female,55,Delhi,North,2024-10-23,Premium
135,Haley Humphrey,katrinaanderson@example.net,Male,59,Delhi,North,2023-12-01,Regular
136,Caleb Hernandez,fernandodonovan@example.org,Male,21,Patna,East,2025-06-14,Regular
137,Stephanie Singleton,james84@example.org,Male,47,Ahmedabad,West,2023-07-27,Regular
138,Anna Davidson,georgeweber@example.net,Female,44,Kolkata,East,2024-07-01,Regular
139,Amanda Shields,williamsdarlene@example.net,Female,19,Lucknow,North,2023-07-17,Premium
140,Kenneth Montgomery,jimenezcourtney@example.com,Female,32,Chandigarh,North,2023-04-19,Premium
141,David Aguirre,eevans@example.net,Male,33,Chandigarh,North,2024-07-21,Regular
142,John Harris,larryhiggins@example.net,Male,33,Delhi,North,2022-08-12,Regular
143,James Hodges,floressteven@example.com,Male,47,Jaipur,North,2025-09-16,Premium
144,Anthony Dougherty,kwright@example.com,Male,56,Surat,West,2023-11-30,Premium
145,Cheryl Moore,tjimenez@example.com,Male,37,Jaipur,North,2025-07-12,Regular
146,Kathy Levy,brandywilliams@example.com,Female,54,Delhi,North,2022-06-29,Premium
147,Martha Ruiz,booneryan@example.com,Female,63,Kolkata,East,2024-01-24,Regular
148,Holly Morales,michaelroberts@example.com,Male,62,Kochi,South,2024-11-03,New
149,Diana Hays,andersoncolin@example.com,Male,40,Jaipur,North,2024-02-05,Regular
150,Todd Fischer,carriemorales@example.org,Male,50,Surat,West,2025-01-24,Premium
151,Gary Wells,ghernandez@example.org,Female,49,Delhi,North,2022-07-26,Regular
152,Carla Ewing,brittney88@example.net,Female,63,Surat,West,2023-07-05,Regular
153,Karen Smith,emily69@example.com,Female,57,Chennai,South,2024-01-18,New
154,Melissa Johnson,pbaker@example.net,Female,45,Guwahati,East,2025-01-26,New
155,Lauren Jackson,rhernandez@example.org,Female,33,Mumbai,West,2024-05-04,New
156,Ashley Smith,robert63@example.com,Female,46,Lucknow,North,2022-07-09,Regular
157,Kaitlyn Charles,thorntonapril@example.net,Female,39,Patna,East,2024-02-02,Regular
158,Kelly Edwards,stevepatel@example.net,Male,49,Ahmedabad,West,2023-07-01,Regular
159,Michelle Schneider,chelsea33@example.com,Female,35,Mumbai,West,2023-08-06,New
160,William Evans,janet75@example.com,Male,51,Mumbai,West,2024-04-10,New
161,Rebecca Hill,berryamy@example.com,Male,64,Lucknow,North,2023-07-30,Regular
162,Regina Roberts,stephanie15@example.com,Female,59,Kochi,South,2025-02-21,Premium
163,Cindy Clayton,sarah42@example.org,Male,23,Patna,East,2024-08-07,Regular
164,Dana Santiago,danawilliams@example.com,Male,37,Kolkata,East,2024-06-19,Premium
165,Michael Taylor,richarddonovan@example.com,Female,53,Surat,West,2023-07-08,Regular
166,Victor Morris,velezchristopher@example.net,Female,40,Bhubaneswar,East,2024-01-03,Premium
167,Sarah Johnson,robertmonroe@example.org,Female,34,Mumbai,West,2023-03-10,Regular
168,Jon Zuniga,nancy04@example.net,Female,25,Hyderabad,South,2025-09-27,Premium
169,Frances Gibson,ismall@example.net,Male,31,Chennai,South,2024-06-04,Premium
170,Brian Martin,twong@example.org,Female,24,Mumbai,West,2023-12-23,New
171,Edward Craig,gregorychase@example.com,Male,41,Pune,West,2022-06-18,Regular
172,Angie Caldwell,tinawoods@example.org,Male,35,Delhi,North,2025-03-04,Regular
173,Jeremy Adams,kevin90@example.com,Female,62,Chandigarh,North,2022-06-09,New
174,Amy Wilson,erik84@example.net,Male,18,Guwahati,East,2024-08-05,Premium
175,Elizabeth Mendez,susanmendoza@example.com,Female,46,Guwahati,East,2022-10-22,Regular
176,Jennifer Dunn,ztodd@example.net,Female,48,Chandigarh,North,2024-11-27,Regular
177,Melanie Larson,foxallison@example.com,Female,49,Lucknow,North,2025-03-02,Regular
178,Amy Kelley,ashleyhernandez@example.com,Male,27,Chandigarh,North,2022-09-04,New
179,Michael Love,gdavis@example.com,Male,33,Pune,West,2025-04-06,Regular
180,Jose Bryant,hansenemily@example.com,Male,51,Bhubaneswar,East,2025-02-09,Regular
181,Robert Reese,williamsmelvin@example.org,Female,55,Patna,East,2024-10-28,New
182,Steven Andersen,ajohnson@example.org,Male,57,Pune,West,2024-03-21,New
183,Veronica Brewer,ybrooks@example.com,Male,58,Jaipur,North,2024-12-23,Regular
184,Jaime Vega,desireebailey@example.org,Male,33,Lucknow,North,2025-04-25,Regular
185,Cameron Irwin,avilatiffany@example.com,Male,18,Lucknow,North,2025-09-22,Regular
186,Kim Morrow,stevenmoore@example.org,Female,20,Guwahati,East,2024-08-29,Regular
187,Ashley Pacheco,bmendez@example.org,Female,22,Pune,West,2025-07-16,Premium
188,Andrew Harper,sanchezbradley@example.com,Male,45,Mumbai,West,2023-02-07,Regular
189,Scott Brown,jim95@example.net,Male,35,Kochi,South,2023-03-13,New
190,Erica Turner,valerieboyd@example.com,Male,28,Lucknow,North,2024-05-29,New
191,Travis Hobbs,conniesimmons@example.com,Female,25,Pune,West,2023-06-02,Regular
192,Mason James,heather62@example.com,Female,35,Pune,West,2022-07-28,Regular
193,Kara Atkinson,meredith27@example.org,Female,23,Guwahati,East,2023-09-02,Premium
194,Kristin Anderson,jonathanrivera@example.org,Female,56,Bhubaneswar,East,2024-04-15,Regular
195,Anna Hardy,brettbennett@example.net,Male,61,Lucknow,North,2025-06-28,New
196,Chelsea Gill,timothybooth@example.com,Female,54,Delhi,North,2024-06-04,Regular
197,Christy Lee,burgesskaren@example.org,Female,51,Chennai,South,2023-06-05,Premium
198,Jennifer Allen,kimberly67@example.net,Male,55,Mumbai,West,2024-09-25,Regular
199,Ian Andrade,ugarcia@example.com,Male,48,Guwahati,East,2024-07-30,Regular
200,Dale Edwards,hartjeffrey@example.org,Female,60,Ahmedabad,West,2024-12-14,Regular
201,Lauren Cortez,elijah53@example.com,Female,44,Chennai,South,2022-06-20,Premium
202,Juan Harding,jonathan77@example.com,Female,53,Pune,West,2024-04-25,Regular
203,Caroline Cortez,iwhite@example.net,Female,34,Lucknow,North,2022-12-22,Regular
204,Sara Jones,duranrobert@example.net,Male,60,Kolkata,East,2025-08-09,New
205,Alexa Wagner,bruce97@example.net,Female,21,Patna,East,2023-03-09,Regular
206,Juan Smith,amanda40@example.net,Female,58,Surat,West,2024-01-16,Regular
207,Renee Browning,hullalice@example.org,Male,35,Chandigarh,North,2025-02-15,Regular
208,Robin Adams,zmiller@example.com,Female,62,Pune,West,2023-01-20,Regular
209,Courtney Sutton DVM,davisnicholas@example.net,Male,63,Delhi,North,2024-04-19,Regular
210,Michele Miller,vnewman@example.net,Female,23,Delhi,North,2024-01-01,Regular
211,Stephanie Ellison,jasonparrish@example.net,Female,25,Jaipur,North,2025-09-03,Premium
212,Benjamin Frost,whitemelissa@example.org,Female,63,Bengaluru,South,2024-01-01,Regular
213,Nicole Marquez,thickman@example.org,Female,48,Mumbai,West,2025-08-15,New
214,Sarah Rhodes,patrick21@example.net,Female,53,Kochi,South,2024-04-17,Regular
215,Brent Hall,petersonkayla@example.net,Male,22,Hyderabad,South,2024-11-24,Regular
216,Alyssa Nelson,whenry@example.net,Female,50,Bhubaneswar,East,2023-09-27,Regular
217,Michael Guerrero,bartonkenneth@example.org,Female,64,Delhi,North,2025-07-21,Regular
218,Christian Dawson,jodistewart@example.org,Male,46,Guwahati,East,2024-10-16,Regular
219,Jill Juarez,andersonjacob@example.com,Female,53,Surat,West,2022-09-20,New
220,Ashley Davis,carlsonkristen@example.com,Female,38,Kolkata,East,2024-04-09,New
221,Richard Hardy,ashleyjackson@example.com,Female,32,Kochi,South,2022-06-16,New
222,Derrick Thomas,ryanfisher@example.com,Male,38,Bhubaneswar,East,2022-12-24,Premium
223,Tony Le,mwheeler@example.com,Female,60,Kolkata,East,2025-01-09,New
224,Travis Cook,vbrock@example.com,Female,20,Bengaluru,South,2022-10-09,Regular
225,Shannon Mccann,kevinmorrison@example.net,Male,46,Ahmedabad,West,2023-07-13,Regular
226,Vincent Novak,jessica79@example.org,Male,64,Patna,East,2023-01-31,Regular
227,Richard Diaz,brittanygardner@example.net,Male,48,Bengaluru,South,2023-07-02,New
228,Nicholas Hahn,samuelcarter@example.net,Female,57,Mumbai,West,2024-12-21,Premium
229,Rebecca Chambers,cynthiaallen@example.net,Female,61,Lucknow,North,2022-08-24,New
230,James Cole,iaguilar@example.net,Female,58,Kolkata,East,2022-12-05,Premium
231,Jennifer Johnson,jacqueline89@example.net,Male,57,Guwahati,East,2025-06-29,Regular
232,David Ortega,deborahwilliams@example.net,Male,65,Pune,West,2025-06-18,Regular
233,Paul Sheppard,grodriguez@example.com,Male,46,Jaipur,North,2024-09-03,Regular
234,Kristin Watts,seanmyers@example.net,Male,20,Pune,West,2023-02-26,Regular
235,Haley Johnson,phillipssamantha@example.org,Female,40,Chandigarh,North,2024-05-17,Regular
236,Brenda Collins,hmueller@example.com,Male,51,Bengaluru,South,2022-10-20,Regular
237,Nathan Chavez,evanslisa@example.org,Male,29,Chennai,South,2023-07-30,Regular
238,Brian Marsh,zacharyarnold@example.com,Male,49,Kolkata,East,2022-06-28,New
239,Crystal Sullivan,jacobsandoval@example.com,Male,47,Bengaluru,South,2024-04-12,Premium
240,Christina Vargas,nsmith@example.org,Female,60,Patna,East,2022-07-06,Regular
241,Rebecca Ray,michaelgonzalez@example.org,Female,61,Patna,East,2023-05-06,Regular
242,Kelsey Fowler,lcarr@example.org,Female,40,Lucknow,North,2023-04-16,New
243,Lisa Cervantes,samantha91@example.net,Female,62,Pune,West,2023-07-29,Regular
244,Eric White,williambarnes@example.org,Male,42,Pune,West,2022-11-11,New
245,John Medina,angelaburns@example.org,Male,42,Jaipur,North,2024-05-01,Premium
246,Lisa Glenn,washingtonjames@example.com,Female,19,Pune,West,2023-01-14,New
247,Kathleen Cohen,cmckinney@example.com,Female,18,Kolkata,East,2025-08-17,Premium
248,Rebecca Walker,hillamanda@example.org,Female,36,Chandigarh,North,2022-12-21,New
249,Patricia Simpson,armstrongjoseph@example.net,Female,32,Kochi,South,2025-01-06,Premium
250,Rodney Williams,bpayne@example.org,Male,58,Mumbai,West,2025-02-27,Regular
251,Danielle Golden,colemichael@example.org,Female,46,Chandigarh,North,2024-11-13,Regular
252,Patricia Young PhD,michelle96@example.org,Male,23,Surat,West,2023-11-17,New
253,Robin Trujillo,amanda98@example.org,Female,29,Ahmedabad,West,2024-06-20,Regular
254,Donna Adams,taylorkaren@example.com,Female,28,Surat,West,2023-06-30,Regular
255,Sharon Martinez DVM,dustinmorris@example.org,Female,65,Guwahati,East,2025-06-24,New
256,Katherine Ray,courtney67@example.org,Female,22,Jaipur,North,2024-12-14,Regular
257,Anna Robertson,heather57@example.com,Female,53,Kochi,South,2024-07-11,Regular
258,Raymond Oconnor,sreid@example.com,Male,34,Kolkata,East,2023-07-04,Regular
259,Jennifer Donaldson,troymorris@example.com,Female,61,Patna,East,2025-04-01,Premium
260,Kylie Washington,patricia00@example.org,Female,58,Mumbai,West,2023-07-17,New
261,Alexis Noble,scottsmith@example.com,Male,48,Jaipur,North,2024-07-02,Regular
262,Bonnie Santos,nancymcdowell@example.org,Male,59,Ahmedabad,West,2023-02-02,Regular
263,Jacob Mckee,brettgarrett@example.net,Female,59,Patna,East,2024-08-06,Regular
264,Matthew Padilla,lewischristian@example.net,Male,20,Bengaluru,South,2024-09-29,Regular
265,Alexandra Dominguez,mcneilrobert@example.org,Male,24,Guwahati,East,2023-03-03,Regular
266,Brandon Shaffer,edwardsnicole@example.org,Female,47,Bengaluru,South,2024-01-03,Regular
267,Shelly May,caseyelliott@example.net,Male,44,Bhubaneswar,East,2023-09-10,Premium
268,Nathan Fuller,samanthajensen@example.com,Female,35,Guwahati,East,2024-07-31,Regular
269,Brian Goodwin,bbell@example.com,Male,46,Surat,West,2025-04-13,Regular
270,Matthew Wright,kimberly04@example.org,Female,24,Kochi,South,2025-01-19,New
271,Nicole Phillips,bowerslaura@example.org,Female,21,Surat,West,2024-02-21,Regular
272,Jonathan Wheeler,hatfieldsarah@example.org,Male,47,Hyderabad,South,2024-01-24,Regular
273,Jennifer Payne,kathrynbest@example.org,Male,21,Hyderabad,South,2023-09-15,New
274,Dennis Williams,fryraymond@example.com,Male,54,Kochi,South,2022-06-21,Regular
275,Jennifer Miles,davidsonamanda@example.org,Male,32,Hyderabad,South,2024-07-05,Regular
276,Jorge Harris,amandamyers@example.net,Male,35,Bengaluru,South,2023-05-04,New
277,Maria Collins,pblair@example.org,Male,52,Bengaluru,South,2024-12-16,Regular
278,Audrey Salazar,parkerjudith@example.net,Male,60,Chennai,South,2023-03-25,New
279,Chad Smith,hbenton@example.net,Male,40,Bengaluru,South,2022-12-31,New
280,Carol Martinez,jessica10@example.com,Female,19,Kochi,South,2025-01-09,Regular
281,Austin Joseph,crawfordwilliam@example.org,Male,65,Chandigarh,North,2025-02-08,Regular
282,Holly Scott,shannonemily@example.org,Male,48,Jaipur,North,2024-01-30,Regular
283,Amanda Roy,brandoncox@example.org,Male,46,Surat,West,2023-03-06,Regular
284,Amanda Pratt,pwalker@example.com,Female,47,Chandigarh,North,2023-01-04,Premium
285,Roger Duncan,shawrachel@example.org,Male,48,Delhi,North,2025-06-20,New
286,Amber Morales,xcline@example.com,Male,49,Bhubaneswar,East,2023-02-27,Premium
287,Aimee Gonzalez,jodi37@example.com,Male,23,Patna,East,2023-07-04,Regular
288,Raymond Gonzalez DVM,edwardrandolph@example.org,Male,26,Bengaluru,South,2024-05-21,Regular
289,Ryan Wiley,aaron64@example.org,Female,56,Ahmedabad,West,2023-03-11,Regular
290,Mrs. Tonya Kaufman,jenniferdavis@example.org,Female,24,Patna,East,2023-02-05,New
291,Mercedes Watson,carpenterwilliam@example.net,Male,45,Jaipur,North,2025-05-28,Regular
292,Keith Graham,joelgreen@example.com,Female,39,Kochi,South,2025-02-23,New
293,Ronnie Nguyen,enelson@example.org,Female,64,Kolkata,East,2025-07-02,Regular
294,Ashley Garcia,aowens@example.org,Female,60,Bhubaneswar,East,2022-11-13,Regular
295,Christine Parker,melissa12@example.net,Female,22,Bengaluru,South,2024-03-14,Regular
296,Lindsey Lewis,eddie35@example.com,Male,45,Lucknow,North,2023-06-06,Regular
297,Debbie Ewing,cranemelissa@example.net,Male,53,Surat,West,2024-02-16,Regular
298,Joel Lara,davidbrown@example.org,Male,44,Ahmedabad,West,2024-11-28,Regular
299,Jacqueline Mccoy,aguilarjonathan@example.org,Male,36,Bhubaneswar,East,2022-11-07,Premium
300,Steven Ramos,christopherboone@example.com,Male,54,Surat,West,2022-06-27,Regular
301,Amber Glass,zunderwood@example.com,Female,32,Bengaluru,South,2022-10-28,New
302,Carrie Lewis,joshuagriffin@example.org,Female,25,Surat,West,2022-07-06,New
303,Danielle Phillips,eandrade@example.org,Female,53,Kochi,South,2022-07-13,New
304,Jason Day,crystalpham@example.org,Female,19,Delhi,North,2022-09-15,Regular
305,Heather Stephens,kcooper@example.net,Female,40,Pune,West,2025-09-18,Regular
306,Alexander Harper,huangkimberly@example.org,Female,22,Bengaluru,South,2023-06-27,Regular
307,Hunter Silva,terrigarcia@example.net,Male,65,Delhi,North,2025-02-09,Regular
308,Raven Mclaughlin,barbaramcgrath@example.com,Female,47,Kolkata,East,2023-03-21,Regular
309,Sarah Thompson,linda59@example.org,Female,64,Surat,West,2023-08-07,Regular
310,Keith Thomas,marycochran@example.com,Male,27,Lucknow,North,2024-10-04,Regular
311,Andrew Brown,andrewwoods@example.com,Male,35,Chandigarh,North,2024-03-22,Regular
312,Carlos Love,brian29@example.net,Female,56,Bhubaneswar,East,2025-06-22,Regular
313,Sarah Valencia,brookssheri@example.com,Male,50,Mumbai,West,2025-06-22,Regular
314,Frank Daugherty,fconner@example.net,Male,36,Bhubaneswar,East,2024-05-14,Premium
315,Kristina Preston,jeffrey92@example.com,Female,20,Guwahati,East,2023-06-22,Regular
316,Bethany Daniel,xrosales@example.net,Male,31,Chandigarh,North,2023-06-09,Regular
317,Tammy Ponce,daniellegarcia@example.com,Male,34,Hyderabad,South,2022-07-10,Regular
318,Cynthia Haas,daisymccarty@example.net,Male,49,Jaipur,North,2022-11-19,Premium
319,Gabriela Smith,johnjones@example.com,Male,42,Chennai,South,2024-08-25,Regular
320,Amber Kim,acosta@example.com,Female,22,Kochi,South,2025-01-14,Regular
321,James Poole,franciscojones@example.org,Female,19,Chandigarh,North,2025-05-09,Regular
322,Trevor Jones,pamelamartin@example.org,Female,54,Lucknow,North,2023-05-26,Regular
323,Anna Wheeler,bbush@example.net,Female,36,Kolkata,East,2024-03-28,Regular
324,Brooke Garcia,terriortiz@example.net,Female,28,Delhi,North,2022-12-18,New
325,Deborah Campbell,codylong@example.net,Female,23,Patna,East,2024-10-27,Regular
326,Isaac Patterson,madison97@example.org,Male,45,Jaipur,North,2025-03-19,Premium
327,Mark Rowland,tanthony@example.com,Female,37,Lucknow,North,2022-09-27,Premium
328,Deborah May,ylopez@example.com,Female,28,Kochi,South,2023-12-26,Regular
329,Jeremiah Baker,anne21@example.org,Male,40,Jaipur,North,2023-01-14,Regular
330,Jennifer Avila,angelarandall@example.net,Male,24,Bengaluru,South,2024-08-22,Regular
331,Sharon Wells,thomasmiller@example.net,Male,56,Hyderabad,South,2023-10-23,Regular
332,Kellie Duncan,davidtodd@example.org,Male,58,Lucknow,North,2022-07-13,Regular
333,Daniel Lee,hendersonvanessa@example.com,Female,58,Patna,East,2025-07-30,Regular
334,Brittany Larson,renee11@example.com,Male,48,Patna,East,2023-02-01,Regular
335,Shannon Stone,buchanancindy@example.net,Female,55,Pune,West,2024-04-08,Regular
336,Chase Knight,buckleyanna@example.org,Female,47,Lucknow,North,2025-01-08,Regular
337,Sheryl Humphrey,patrick79@example.net,Female,36,Chandigarh,North,2025-01-13,Regular
338,Jamie Montgomery,vwilliams@example.net,Female,47,Lucknow,North,2023-12-29,Premium
339,Tammie Prince,morganlaura@example.com,Female,54,Chandigarh,North,2023-03-17,Premium
340,Michael Garcia PhD,kevinmanning@example.com,Female,50,Ahmedabad,West,2023-05-08,Regular
341,Matthew Lopez,robinrussell@example.com,Female,24,Chandigarh,North,2023-04-25,New
342,Samantha Robertson,cameronmckinney@example.com,Male,50,Ahmedabad,West,2024-12-12,Premium
343,Sherry Johnson,nancygonzalez@example.org,Male,63,Chandigarh,North,2022-11-13,Regular
344,Thomas Bush,micheal78@example.com,Male,41,Patna,East,2023-03-31,Regular
345,Andre Watson,ethompson@example.net,Female,44,Pune,West,2024-07-13,New
346,Ryan Green,mitchellpaul@example.org,Female,22,Chandigarh,North,2024-04-02,Regular
347,Cindy Walker,ericaadams@example.com,Female,34,Kolkata,East,2025-04-05,Premium
348,Tracy Fleming,pbuck@example.org,Female,23,Bengaluru,South,2024-02-16,Premium
349,David Trujillo,jennifer46@example.com,Female,37,Bengaluru,South,2024-06-02,New
350,Daniel Turner,asilva@example.net,Male,56,Kolkata,East,2025-04-03,Premium
351,Sara Hoffman,kenneth17@example.org,Female,53,Lucknow,North,2025-09-30,Regular
352,Frederick Hill,jacob83@example.org,Male,60,Ahmedabad,West,2023-07-15,Premium
353,Lindsay Guerrero,jenniferrios@example.com,Female,50,Lucknow,North,2025-02-06,Regular
354,James Johnson,matthewreeves@example.net,Female,29,Surat,West,2023-04-12,New
355,Susan Powers,megan82@example.com,Female,30,Ahmedabad,West,2024-03-13,Regular
356,David Stokes,staceylam@example.net,Male,22,Bengaluru,South,2022-09-27,Regular
357,Patrick Parker,nathan94@example.com,Male,60,Jaipur,North,2022-09-17,Regular
358,Sean Silva,kennedyjames@example.org,Female,27,Bengaluru,South,2025-04-02,Regular
359,Edwin Brown,derrickgonzalez@example.com,Female,20,Chennai,South,2025-04-22,Regular
360,Victoria Thomas,kimberlyfreeman@example.net,Female,57,Kochi,South,2025-09-15,Regular
361,Anthony Hayes,kathleenjackson@example.org,Male,52,Patna,East,2025-09-14,Regular
362,Anita Mendez,epowell@example.com,Male,41,Guwahati,East,2024-01-18,Premium
363,Monica Dodson,katherine83@example.org,Female,36,Patna,East,2022-06-06,New
364,Danielle Steele,larry16@example.net,Male,30,Bhubaneswar,East,2024-09-02,New
365,Rodney Evans,stephen89@example.net,Female,21,Bengaluru,South,2024-05-18,Premium
366,Whitney Cooper,mhoward@example.org,Male,63,Surat,West,2023-07-17,New
367,Jennifer Perez,jasonjohnson@example.net,Female,23,Jaipur,North,2025-07-29,New
368,Matthew Johnson,kelsey90@example.net,Female,50,Mumbai,West,2022-12-23,Regular
369,Martha Smith,butleromar@example.net,Male,32,Bhubaneswar,East,2025-09-24,New
370,Christine Jennings,turnerdorothy@example.net,Male,44,Surat,West,2023-04-04,Regular
371,Mercedes Barnes,huntchristine@example.com,Male,42,Surat,West,2024-02-24,New
372,Craig Gonzalez,marie35@example.net,Male,19,Surat,West,2022-10-17,Regular
373,Joshua Lozano,arivera@example.org,Female,27,Jaipur,North,2023-10-13,Regular
374,Sara Caldwell,stacychan@example.org,Female,62,Pune,West,2024-08-27,New
375,David Hall,joseph01@example.org,Female,57,Guwahati,East,2024-10-29,Regular
376,Heather Rhodes,grodgers@example.org,Male,34,Lucknow,North,2025-04-30,Regular
377,Matthew Murphy,rfriedman@example.net,Female,25,Bengaluru,South,2022-06-12,New
378,Catherine Morales,ynelson@example.net,Female,25,Kochi,South,2022-09-22,Regular
379,Mariah Robles,andersonjessica@example.org,Female,22,Bhubaneswar,East,2025-04-02,Regular
380,Karen Carroll,ywhite@example.com,Male,58,Guwahati,East,2022-10-05,Regular
381,Sheryl Acosta,timothyfreeman@example.com,Male,36,Kochi,South,2024-06-14,Regular
382,Matthew Smith,tiffanysantiago@example.com,Male,54,Surat,West,2023-11-19,Regular
383,Lisa Reynolds,timothyalvarado@example.net,Female,22,Lucknow,North,2024-02-23,New
384,Kristin Huerta,smithsarah@example.net,Female,48,Delhi,North,2023-09-12,Regular
385,Sheila Jones,vflores@example.com,Female,34,Kolkata,East,2025-03-30,Premium
386,Mason Powell,christianwallace@example.net,Male,40,Surat,West,2022-08-01,Regular
387,Jillian Wilson,bmcgee@example.org,Female,26,Jaipur,North,2023-11-28,Regular
388,Joshua Petersen,pamela83@example.net,Male,61,Ahmedabad,West,2023-10-05,Regular
389,Heidi Brown,meganrivera@example.net,Male,26,Guwahati,East,2024-08-26,Regular
390,Heidi Chavez,malonejeffrey@example.com,Male,36,Patna,East,2024-05-31,Regular
391,Rebecca Kelley,jacqueline02@example.com,Male,38,Hyderabad,South,2023-08-07,New
392,Mikayla Rodriguez,jacobconrad@example.com,Female,34,Kolkata,East,2022-11-19,Regular
393,Cheryl Morgan,owilliams@example.net,Female,40,Hyderabad,South,2023-02-18,New
394,Joanna Barrett,tamarasmith@example.net,Female,35,Chandigarh,North,2024-05-18,Regular
395,Sara Webb,heatherthompson@example.org,Female,43,Surat,West,2022-07-30,Premium
396,Lisa Morris,mbarnes@example.net,Female,29,Kolkata,East,2022-10-05,Regular
397,Victor Waller,iballard@example.com,Female,51,Guwahati,East,2024-12-15,Regular
398,Kayla Cameron,jennifer83@example.org,Female,23,Lucknow,North,2024-06-03,Regular
399,Melissa Morse,tinasantos@example.org,Female,38,Chennai,South,2023-02-11,Regular
400,Erica Wilson,anna99@example.net,Female,37,Ahmedabad,West,2024-02-04,Regular
401,Stephanie Ferguson,hstokes@example.org,Male,62,Bhubaneswar,East,2024-10-12,Regular
402,Michael Gonzalez,tonyavega@example.org,Male,64,Patna,East,2022-07-01,New
403,Elizabeth Molina,howardshaun@example.net,Female,35,Surat,West,2025-03-19,Premium
404,Sharon Newton,yyoung@example.net,Male,60,Chandigarh,North,2025-04-23,Premium
405,Tammy Hughes,tammy00@example.net,Male,19,Surat,West,2023-05-17,Regular
406,Priscilla Berg,rhondabush@example.net,Male,26,Patna,East,2023-04-03,Regular
407,Nancy Gonzalez,kellythompson@example.net,Female,42,Surat,West,2023-08-22,New
408,Nancy Wilson,pattersonangela@example.org,Male,61,Chandigarh,North,2022-08-30,Regular
409,Abigail Owens,billmcfarland@example.net,Female,46,Surat,West,2022-12-14,New
410,Lisa Stanley,jtyler@example.com,Female,43,Bengaluru,South,2022-08-01,Regular
411,Kelly Krueger,hartmanerik@example.net,Male,25,Mumbai,West,2022-08-28,Regular
412,Daniel Lewis,mark43@example.net,Female,51,Chennai,South,2024-03-16,Regular
413,Samantha Zavala MD,sean99@example.org,Female,34,Jaipur,North,2024-03-08,Premium
414,Erica Moon,cruzamber@example.com,Female,62,Hyderabad,South,2025-08-11,New
415,Patricia Robertson,stucker@example.net,Male,25,Guwahati,East,2022-07-01,Regular
416,Tiffany Jackson,simsjason@example.net,Female,29,Lucknow,North,2023-01-21,New
417,Jessica Garcia,elucas@example.net,Male,61,Patna,East,2024-12-29,New
418,Mitchell Johnson,brownlaura@example.net,Female,63,Ahmedabad,West,2024-09-13,Regular
419,Susan Russell,bmccoy@example.com,Female,28,Pune,West,2022-08-25,Premium
420,Kimberly May,avilabrenda@example.net,Female,50,Chennai,South,2022-06-21,Regular
421,Jonathan Roberts,catherine47@example.com,Male,33,Hyderabad,South,2025-03-30,New
422,Kara Ferguson,julierobles@example.net,Female,53,Delhi,North,2023-09-25,Premium
423,Elizabeth Eaton,susan08@example.net,Male,57,Patna,East,2023-05-26,New
424,Kenneth Long,torreskaitlin@example.net,Female,43,Lucknow,North,2022-11-20,New
425,Matthew Hunt,jackjensen@example.com,Female,44,Guwahati,East,2023-07-24,New
426,Robert Phelps,enewman@example.com,Male,38,Lucknow,North,2023-01-23,Premium
427,Craig Carpenter,michael31@example.com,Female,61,Patna,East,2024-08-27,Regular
428,Emily Hayes,heather29@example.net,Male,26,Bengaluru,South,2024-06-24,Regular
429,Jeffrey Smith,kristenjoseph@example.net,Male,51,Chandigarh,North,2023-08-18,Regular
430,Brandy Quinn,wford@example.com,Male,38,Chennai,South,2023-11-14,New
431,Matthew Miller,michele28@example.org,Female,51,Kochi,South,2024-01-15,New
432,Angela Jones,atkinsoncrystal@example.net,Female,30,Lucknow,North,2023-04-17,Premium
433,Christy Johnson,amy87@example.net,Male,58,Mumbai,West,2024-05-06,Regular
434,Daniel Barton,dennis88@example.org,Male,55,Lucknow,North,2024-12-31,New
435,Mary Charles,katherinetaylor@example.org,Male,60,Bengaluru,South,2023-09-27,Premium
436,Mary Faulkner,ccrosby@example.org,Male,19,Ahmedabad,West,2023-01-05,Regular
437,Dennis Young,aprilmoody@example.com,Male,54,Mumbai,West,2024-12-14,Regular
438,Anthony Hooper,dakota84@example.net,Female,58,Delhi,North,2023-12-25,Regular
439,Carrie Valdez,briana18@example.com,Female,33,Pune,West,2023-04-17,New
440,Kelli Gomez,tommy79@example.org,Female,47,Kolkata,East,2023-09-02,Regular
441,Christopher Jones,jason22@example.com,Male,46,Chandigarh,North,2024-02-02,Regular
442,Mary Perry,jennifer77@example.com,Male,39,Patna,East,2024-06-03,Premium
443,Roy Johnson,andersonbrittany@example.org,Female,64,Ahmedabad,West,2023-02-12,New
444,Kenneth Brown,sandra86@example.net,Female,26,Surat,West,2024-07-06,New
445,Sherry Luna,stacey37@example.net,Female,33,Jaipur,North,2025-08-24,Regular
446,Carolyn Greer,laurahoover@example.org,Female,33,Mumbai,West,2025-09-22,Regular
447,Carol Jennings,ecarlson@example.org,Female,42,Chandigarh,North,2024-06-29,New
448,Alan Mills,mserrano@example.org,Male,28,Bhubaneswar,East,2023-09-04,New
449,Linda Rich,davisdonna@example.net,Male,28,Ahmedabad,West,2023-01-03,Regular
450,Todd Gregory,xboyd@example.org,Female,37,Patna,East,2024-03-18,Regular
451,Todd Olson,zbell@example.net,Female,50,Lucknow,North,2024-09-27,Regular
452,Laura Coleman,thomas31@example.com,Male,55,Kochi,South,2025-06-10,Regular
453,Deanna Smith,lanedavid@example.org,Female,49,Chandigarh,North,2024-05-29,Premium
454,Robert Ortiz,mooredenise@example.com,Female,52,Guwahati,East,2023-08-31,Regular
455,Krystal Carr,afischer@example.net,Female,26,Jaipur,North,2023-04-15,New
456,Mr. Justin King,becky62@example.net,Female,41,Surat,West,2025-01-10,Regular
457,Richard Avery,lewisrichard@example.com,Male,41,Chandigarh,North,2022-10-24,Premium
458,Melinda Williams,aoconnell@example.org,Female,50,Lucknow,North,2025-01-31,Regular
459,Kyle Davis,jeffrey19@example.org,Male,26,Mumbai,West,2025-02-27,New
460,Jennifer Douglas,jennifer90@example.org,Female,39,Kolkata,East,2024-10-30,Premium
461,Dakota Sandoval,james98@example.net,Male,30,Surat,West,2024-07-19,Premium
462,Megan Ward,cantrellchristopher@example.com,Male,20,Kolkata,East,2024-09-28,Regular
463,James Willis,mclaughlincasey@example.org,Female,51,Ahmedabad,West,2025-01-05,Regular
464,Kristin Aguilar,sylvia43@example.net,Female,57,Bengaluru,South,2024-03-31,Regular
465,Jared Smith,richardrodriguez@example.org,Female,55,Kolkata,East,2025-08-17,Regular
466,Bruce Palmer,nancy94@example.net,Female,48,Guwahati,East,2024-02-03,New
467,John Sanchez,susan77@example.net,Female,61,Surat,West,2023-11-22,Regular
468,Mr. James Kramer,ericahall@example.com,Female,64,Bhubaneswar,East,2025-04-15,New
469,Joseph Haynes,john16@example.net,Female,34,Delhi,North,2023-10-16,New
470,Justin White,michael94@example.org,Male,55,Kochi,South,2024-11-29,Regular
471,Susan Porter,jimmyallen@example.com,Male,61,Kolkata,East,2025-07-28,Regular
472,David Montgomery,kimberlywilson@example.org,Male,19,Jaipur,North,2023-02-07,Regular
473,Lisa Duran,charlesnathan@example.com,Male,44,Bhubaneswar,East,2024-09-01,Premium
474,Dr. Sheila Henry,raymond92@example.org,Female,65,Bhubaneswar,East,2024-01-21,Premium
475,Todd Johnson,phillip27@example.org,Male,53,Bengaluru,South,2024-03-02,Regular
476,Michael Smith,nicolasgarcia@example.com,Female,38,Guwahati,East,2024-09-28,New
477,Joshua Young,vmullen@example.com,Female,52,Patna,East,2024-06-16,Regular
478,Jason Goodwin,melissa47@example.org,Female,30,Mumbai,West,2023-01-11,New
479,Melissa Olsen,linda86@example.com,Female,32,Mumbai,West,2024-04-26,New
480,Nancy Kennedy,thompsonvictor@example.net,Female,63,Pune,West,2023-01-25,Regular
481,Rachel Evans,rosshannah@example.org,Female,48,Guwahati,East,2024-02-20,Regular
482,Ryan Davis,jordan58@example.net,Female,25,Mumbai,West,2023-02-18,Premium
483,Alejandro Martinez,barbarasantos@example.net,Female,40,Kolkata,East,2025-07-09,New
484,Heather Nunez,champton@example.org,Female,20,Bengaluru,South,2022-12-30,Regular
485,Mark Thomas,daniellemcfarland@example.com,Female,46,Lucknow,North,2023-09-08,Premium
486,Sarah Jones,matthewedwards@example.net,Male,30,Guwahati,East,2024-07-08,New
487,Matthew Nelson,xnorman@example.net,Female,26,Mumbai,West,2023-05-21,Regular
488,Jennifer White,martinezjimmy@example.com,Male,21,Kochi,South,2024-05-15,Premium
489,Angela Jackson,davissharon@example.com,Male,21,Kochi,South,2025-07-20,Regular
490,James Hubbard,garciachristine@example.org,Female,24,Ahmedabad,West,2024-03-29,Premium
491,Ellen Wright,scott22@example.net,Male,53,Bengaluru,South,2024-08-06,New
492,Matthew Dalton,michelle78@example.com,Female,59,Chennai,South,2025-03-18,New
493,Travis Ryan,owelch@example.net,Female,59,Guwahati,East,2024-03-30,Regular
494,Kimberly Stout,zfernandez@example.org,Female,36,Pune,West,2023-11-12,Premium
495,David Torres,millskatherine@example.org,Male,52,Lucknow,North,2023-11-21,Premium
496,Adam Weeks,xevans@example.com,Male,44,Chandigarh,North,2023-07-24,New
497,Rebecca Kelley,robertcastro@example.com,Male,43,Chennai,South,2025-01-27,New
498,Maria Clayton,josehenderson@example.org,Female,20,Chennai,South,2023-04-01,Regular
499,Lisa Benson,justin84@example.com,Female,36,Jaipur,North,2024-02-20,Regular
500,Chad Rodriguez,rwilliamson@example.net,Male,50,Guwahati,East,2023-01-15,Regular
501,Alec Williams,lopezcurtis@example.com,Male,39,Hyderabad,South,2024-06-28,Regular
502,Adam Davis,snydermatthew@example.com,Female,63,Patna,East,2022-10-31,Regular
503,Mr. Michael Johnson Jr.,brianrowe@example.org,Female,54,Ahmedabad,West,2025-01-13,Premium
504,Steven Wright,hclayton@example.net,Male,57,Hyderabad,South,2024-03-23,New
505,Jessica Rojas,gonzalezjill@example.org,Female,50,Kolkata,East,2023-03-31,Regular
506,Mrs. Melanie Collins,eric08@example.net,Male,29,Kolkata,East,2024-02-25,New
507,Mr. Isaac Williams,teresayoung@example.com,Female,33,Guwahati,East,2022-10-27,Regular
508,Donald Wilson,albertwilliams@example.net,Male,46,Kolkata,East,2023-07-01,New
509,Jacqueline Davis,vincentparks@example.com,Female,55,Ahmedabad,West,2023-12-31,Premium
510,Lori Brown DDS,martinezjesse@example.net,Female,59,Delhi,North,2025-07-08,Regular
511,Renee Gonzales,andrewgray@example.net,Male,60,Kochi,South,2025-01-16,Regular
512,Karina Kim,amy73@example.net,Male,43,Pune,West,2022-11-12,Premium
513,Nicholas Hill,caseymoore@example.com,Male,58,Pune,West,2023-01-14,New
514,Jordan Parsons,bgross@example.net,Female,57,Pune,West,2025-02-23,Regular
515,Cynthia Le,rlee@example.com,Female,27,Bengaluru,South,2025-04-09,Regular
516,Douglas Ortiz,daniel81@example.org,Female,62,Surat,West,2024-12-19,Regular
517,Shane Harris,clee@example.net,Male,33,Guwahati,East,2025-03-14,Premium
518,John Hanson,brandon39@example.net,Female,51,Lucknow,North,2024-07-21,Premium
519,Christine Henry,mcdonalddanielle@example.com,Male,21,Lucknow,North,2022-08-26,New
520,Jennifer Wood,colonjoseph@example.org,Male,28,Hyderabad,South,2024-04-10,Regular
521,Angela Lewis,garciajerry@example.com,Male,61,Patna,East,2024-11-11,Regular
522,Danielle Garrett,angelagrant@example.net,Male,50,Guwahati,East,2023-01-17,Regular
523,Heather Ellis,kandrade@example.org,Female,26,Chandigarh,North,2022-10-07,Regular
524,Mary Ferguson,umahoney@example.net,Male,53,Patna,East,2024-03-31,Regular
525,Jacob Duran,umckenzie@example.net,Male,43,Pune,West,2025-09-20,Regular
526,Jaime Pierce,michael77@example.com,Male,55,Delhi,North,2023-03-21,Regular
527,Duane Smith,victoriaturner@example.com,Female,62,Bhubaneswar,East,2022-06-01,Regular
528,Ethan Ingram,samantha88@example.net,Male,48,Chandigarh,North,2025-09-11,Regular
529,Andrew Kelly,josephpreston@example.org,Male,26,Bhubaneswar,East,2025-07-02,New
530,Anna Ross,jessicacummings@example.com,Female,42,Bhubaneswar,East,2023-03-11,Regular
531,Melissa Johnston,larsonkevin@example.net,Female,23,Kolkata,East,2022-12-28,Premium
532,Richard Weeks,michael66@example.org,Female,25,Bengaluru,South,2025-02-09,Regular
533,Matthew Guzman,walterscrystal@example.org,Male,64,Kolkata,East,2025-04-25,New
534,Joshua Hernandez,ericnunez@example.com,Male,37,Delhi,North,2023-06-07,Regular
535,Laura Davis,zroberts@example.org,Female,32,Bhubaneswar,East,2025-08-26,Regular
536,Kenneth Williams,zbaker@example.net,Male,35,Surat,West,2022-11-09,Regular
537,Pamela Castillo,tonypearson@example.org,Male,60,Jaipur,North,2023-11-12,Regular
538,Kelly Allen MD,kmorris@example.org,Male,31,Delhi,North,2024-04-14,Regular
539,Jacob Lee,brittney04@example.org,Female,56,Chandigarh,North,2022-10-16,Premium
540,Wanda Ramos,scottglass@example.org,Male,65,Chandigarh,North,2025-09-15,Regular
541,Peter Farrell,singhjohn@example.net,Male,52,Patna,East,2023-01-30,Regular
542,Samantha Smith,torresthomas@example.com,Male,50,Chandigarh,North,2025-07-03,New
543,Christina Mills,ana92@example.net,Female,54,Kochi,South,2023-02-10,Premium
544,Kevin Alvarado,scottbrian@example.org,Male,37,Ahmedabad,West,2024-09-29,New
545,Amy Pena,jonesdonna@example.net,Female,37,Kochi,South,2025-01-17,Regular
546,Sharon Smith,yhall@example.net,Female,53,Chennai,South,2025-04-03,Regular
547,Ethan Delacruz,lopezvincent@example.com,Female,51,Surat,West,2025-09-02,Regular
548,Amanda Nielsen,matthew62@example.org,Female,27,Bhubaneswar,East,2024-04-13,Regular
549,Mario Young,lisa46@example.org,Female,33,Chennai,South,2023-07-28,New
550,Courtney Peterson,fsandoval@example.net,Male,47,Pune,West,2025-07-24,New
551,Lisa Garrett,robertberry@example.com,Female,53,Bhubaneswar,East,2023-09-09,Regular
552,Erin Daniels,denisecarpenter@example.net,Male,34,Kolkata,East,2025-08-26,Regular
553,Ellen Thornton,russellstout@example.org,Female,41,Lucknow,North,2025-01-30,Regular
554,Brooke Jones,whitemary@example.org,Male,35,Hyderabad,South,2024-08-08,Regular
555,Sheryl Gutierrez,vturner@example.net,Male,30,Chandigarh,North,2024-11-02,New
556,Richard Rodriguez,anthonyodom@example.net,Female,31,Hyderabad,South,2025-07-11,New
557,Crystal Hall,howardhailey@example.com,Female,18,Ahmedabad,West,2023-04-22,Regular
558,Julie Banks,melissahenry@example.org,Male,65,Hyderabad,South,2022-11-11,New
559,Jason Novak,stephanie33@example.org,Male,62,Guwahati,East,2022-12-17,Premium
560,Victoria Camacho,dwatts@example.org,Female,33,Hyderabad,South,2022-08-20,Premium
561,Lisa Holloway,phillip99@example.net,Female,47,Pune,West,2023-11-03,Regular
562,Rachel Meyer,cbryant@example.org,Female,34,Surat,West,2024-03-01,Regular
563,Nicholas Grant,leescott@example.com,Female,24,Guwahati,East,2024-02-22,New
564,Christopher Phillips,vaughnrebecca@example.com,Female,31,Guwahati,East,2024-12-29,Regular
565,Nathan Wilson,phillipmorris@example.org,Male,54,Bhubaneswar,East,2025-03-07,New
566,Michelle Harris,udavis@example.net,Male,34,Bengaluru,South,2023-01-04,Premium
567,Carly Quinn,wilsonshannon@example.com,Female,27,Bhubaneswar,East,2024-07-29,Regular
568,Monica Hester,nicholasjames@example.org,Female,54,Kochi,South,2022-09-12,New
569,Mary Hernandez,haroldjoseph@example.com,Female,34,Guwahati,East,2025-06-16,New
570,Tonya Roberts,davidanderson@example.org,Female,47,Guwahati,East,2023-06-11,Regular
571,Alexandria Jimenez,astephens@example.net,Male,26,Surat,West,2022-06-05,Premium
572,Kevin Alvarez,mramos@example.net,Male,52,Guwahati,East,2025-05-11,New
573,Diana Fuller,brandonhernandez@example.net,Male,22,Chandigarh,North,2022-06-09,New
574,Andrew Lane,mark10@example.org,Male,44,Chandigarh,North,2023-07-31,Regular
575,Michael Carr,tammycurry@example.com,Male,63,Kochi,South,2023-10-21,Regular
576,Edwin Richardson,wwilkins@example.com,Female,41,Hyderabad,South,2025-07-09,Regular
577,John Martinez,mark68@example.org,Female,19,Guwahati,East,2025-03-24,Regular
578,Ashley Blair,webbhaley@example.net,Male,19,Bhubaneswar,East,2024-09-25,Regular
579,Emily Fox,sara99@example.com,Female,19,Mumbai,West,2023-05-16,Regular
580,Katherine White,jeanettekrause@example.org,Male,24,Bhubaneswar,East,2024-02-24,New
581,Robert Mclaughlin,laurenduarte@example.com,Male,30,Bengaluru,South,2022-10-22,Premium
582,Robert Lewis,hannahking@example.org,Female,35,Mumbai,West,2022-07-26,New
583,Erica Smith,matthew99@example.org,Female,43,Lucknow,North,2023-06-10,Regular
584,Roy Nielsen,zhendricks@example.org,Male,37,Kochi,South,2025-03-10,Premium
585,Mr. Steven Herrera,steven60@example.net,Male,23,Lucknow,North,2024-07-26,Regular
586,Emily Herrera,barbararivera@example.com,Female,21,Kolkata,East,2023-05-31,Premium
587,Ryan Morgan,ksims@example.net,Male,49,Chennai,South,2022-08-20,New
588,Bruce Patton,janet50@example.com,Male,51,Ahmedabad,West,2024-06-07,New
589,David Hayes DVM,aliciathompson@example.com,Male,62,Kochi,South,2023-10-18,New
590,Susan Wallace,lloydrebecca@example.org,Female,20,Guwahati,East,2025-01-12,New
591,Morgan Mills,douglas18@example.net,Male,29,Mumbai,West,2023-01-18,New
592,Andrew Hughes,cookpamela@example.org,Male,31,Ahmedabad,West,2025-09-22,Premium
593,Emily Lane,danielle35@example.org,Male,37,Kolkata,East,2024-02-25,Regular
594,Francis Alexander,nelsoneric@example.org,Female,61,Kochi,South,2023-01-21,New
595,Kayla Clark,andrea42@example.net,Female,65,Ahmedabad,West,2022-06-19,Regular
596,Carolyn Collins,amber02@example.org,Female,21,Lucknow,North,2025-02-04,Regular
597,Ashley Brown,tmyers@example.net,Male,39,Kochi,South,2023-12-26,Premium
598,Melissa Griffin,larry38@example.org,Female,19,Kolkata,East,2025-05-21,Premium
599,Julie Anderson,tdavis@example.net,Female,32,Patna,East,2025-08-29,Regular
600,Julie Meza,michellejensen@example.com,Female,29,Kolkata,East,2024-07-24,Premium
601,Mary Mccormick,shawn01@example.com,Male,57,Kolkata,East,2023-09-21,Regular
602,Ryan Campbell,cassandra28@example.org,Male,23,Kochi,South,2022-10-16,Regular
603,Ashley Hawkins,sparksamanda@example.com,Male,65,Kolkata,East,2023-10-08,Regular
604,David Moore,vreyes@example.org,Male,23,Surat,West,2024-05-20,Regular
605,Rachel Graham,amy32@example.net,Female,41,Pune,West,2025-02-16,New
606,Michelle Copeland,vargassteven@example.net,Male,23,Jaipur,North,2024-08-24,Regular
607,Eric Sullivan,jenningscandace@example.com,Female,24,Patna,East,2022-09-27,Regular
608,Amy Robinson,paigeberger@example.net,Male,56,Surat,West,2023-07-04,Premium
609,Mary Chavez,peter97@example.org,Female,18,Ahmedabad,West,2025-02-11,Regular
610,Elizabeth Bauer,samantha65@example.org,Male,64,Kolkata,East,2023-02-06,New
611,Kayla Abbott,bryan80@example.org,Male,61,Kochi,South,2024-05-10,Regular
612,Heather Callahan,youngjacqueline@example.com,Female,37,Bengaluru,South,2024-10-04,Regular
613,Jennifer Graham,elainewells@example.org,Male,28,Bengaluru,South,2024-07-01,Regular
614,Heather Butler,whitney22@example.org,Female,48,Bhubaneswar,East,2024-04-07,New
615,Nathan Tucker,iproctor@example.org,Female,33,Surat,West,2022-08-27,Premium
616,Shannon English,dhanson@example.net,Male,47,Guwahati,East,2022-11-15,Regular
617,Janice Perez,kjacobs@example.com,Male,43,Pune,West,2023-10-30,Regular
618,Jonathan Jenkins,arthur09@example.com,Female,46,Kolkata,East,2025-03-28,Regular
619,John Vaughn,jessicafox@example.com,Female,38,Bengaluru,South,2024-10-06,Premium
620,Steve Davis,qmccoy@example.net,Female,38,Hyderabad,South,2023-12-19,Regular
621,Rebecca Edwards,bergeramanda@example.org,Female,36,Kolkata,East,2022-09-04,Premium
622,Julie Gross,zgomez@example.com,Male,38,Guwahati,East,2023-12-24,Regular
623,Thomas Curry,bryan79@example.org,Female,25,Kolkata,East,2023-05-19,New
624,Dorothy Mclaughlin,mitchellchristopher@example.net,Male,61,Hyderabad,South,2024-04-28,New
625,Darlene Gilbert,michaela01@example.net,Female,63,Delhi,North,2022-09-02,Regular
626,Brittany Griffin,josehaynes@example.com,Male,44,Pune,West,2022-12-30,Premium
627,Amanda Riggs,caitlinunderwood@example.com,Female,33,Bengaluru,South,2023-01-07,Regular
628,James Guerrero,jasonnavarro@example.com,Female,42,Bengaluru,South,2024-12-03,Regular
629,Robert Williams,tross@example.com,Female,52,Guwahati,East,2022-08-06,Regular
630,Kim James,jwells@example.net,Male,41,Bhubaneswar,East,2024-11-25,Premium
631,Timothy Cole,suzanne01@example.net,Male,33,Lucknow,North,2025-04-25,Premium
632,Jessica Hull,matthew41@example.com,Male,59,Surat,West,2024-07-16,Premium
633,Raymond Curry,aprilbyrd@example.org,Female,45,Kolkata,East,2024-08-05,Regular
634,Adam Jones,gdavis@example.net,Female,32,Jaipur,North,2023-06-17,Regular
635,Douglas Lee,harveybrian@example.net,Female,41,Kochi,South,2023-11-26,Regular
636,Tiffany Little,millercassandra@example.com,Female,19,Bengaluru,South,2024-08-08,Regular
637,Kylie Coffey,dominguezjon@example.com,Female,23,Pune,West,2024-08-08,Regular
638,Jesse Carney,qschwartz@example.com,Female,37,Bengaluru,South,2024-08-13,Regular
639,Destiny Brown,dcook@example.com,Female,40,Hyderabad,South,2023-04-10,Regular
640,Jeremiah Vasquez,chelseywhite@example.com,Female,38,Patna,East,2025-08-07,Regular
641,Jessica Mendez,gainesjennifer@example.org,Male,19,Chandigarh,North,2022-10-11,New
642,Nicholas Waters,mosleyeduardo@example.net,Male,65,Jaipur,North,2022-07-13,Regular
643,James Hernandez,rebecca90@example.net,Male,39,Chennai,South,2022-06-02,Premium
644,Karen Powell,fernandezaaron@example.net,Male,43,Patna,East,2024-10-09,Premium
645,Mr. Timothy Howard,richard15@example.net,Female,43,Chennai,South,2025-02-21,Regular
646,Ryan Hodges,deborah28@example.org,Female,55,Hyderabad,South,2025-04-05,Regular
647,Elizabeth Price,mccoymichael@example.org,Male,31,Delhi,North,2025-08-22,Regular
648,Collin Johnson,cortezbrittany@example.com,Male,52,Lucknow,North,2025-05-14,Regular
649,Maria Porter,blevy@example.org,Male,47,Ahmedabad,West,2023-09-17,Regular
650,Nathan Sullivan,lindsaycontreras@example.com,Female,56,Guwahati,East,2023-07-19,Regular
651,Kimberly Figueroa,sandyjohnson@example.org,Male,40,Kolkata,East,2025-07-20,Regular
652,Terry Montgomery,jacquelineanderson@example.org,Male,61,Patna,East,2024-01-17,Premium
653,Samantha Davis,marybrown@example.org,Male,61,Pune,West,2024-07-10,Regular
654,Lisa Brown,ronaldcain@example.net,Male,37,Jaipur,North,2022-10-18,Regular
655,William Johnston,marcoconnell@example.org,Male,50,Surat,West,2024-09-04,Regular
656,Gabriela Martinez,katherinejackson@example.com,Female,45,Bengaluru,South,2024-12-17,Regular
657,Timothy Williams,moodycrystal@example.com,Male,49,Chennai,South,2024-04-05,Regular
658,John Smith,saramann@example.net,Female,46,Chennai,South,2025-01-03,Premium
659,Robert Barton,jamiebowman@example.net,Male,49,Surat,West,2025-05-16,Regular
660,Christopher Holt,jennifersalazar@example.org,Female,44,Kolkata,East,2023-12-01,Premium
661,Hannah Smith,jamesdowns@example.org,Female,49,Bhubaneswar,East,2024-07-03,Regular
662,Victoria Romero,qtownsend@example.org,Male,36,Delhi,North,2024-06-23,Regular
663,Robert Jennings,kjimenez@example.net,Female,28,Kochi,South,2023-05-03,New
664,Jackson Clark,matthew70@example.org,Male,54,Guwahati,East,2025-06-28,Regular
665,Casey Floyd,erobertson@example.org,Male,64,Surat,West,2024-11-18,Regular
666,Erika Gonzalez,jerry15@example.org,Female,24,Hyderabad,South,2024-10-26,Premium
667,Sheila Bennett,charlesrichards@example.org,Female,20,Kochi,South,2022-09-28,Regular
668,Timothy Gibson,dbrooks@example.net,Male,46,Surat,West,2025-05-20,New
669,Derrick Rogers,schwartzbrian@example.org,Male,31,Jaipur,North,2023-01-23,New
670,Jason Wolf,oliviamunoz@example.net,Female,28,Surat,West,2022-10-14,Premium
671,Laura Tran,christophervincent@example.com,Male,21,Hyderabad,South,2025-08-04,Premium
672,John Ford,blairjill@example.org,Male,38,Mumbai,West,2025-04-16,New
673,Daniel Pennington,robinvillanueva@example.com,Female,54,Pune,West,2023-03-29,Regular
674,John Mack,simmonsphillip@example.net,Male,44,Jaipur,North,2025-09-06,New
675,David Hansen,steelerichard@example.org,Male,62,Mumbai,West,2025-02-25,New
676,Matthew Davis,kcaldwell@example.net,Male,63,Kochi,South,2022-11-09,Regular
677,Lauren Bray,tingram@example.com,Female,49,Kochi,South,2023-12-12,Regular
678,Lori Padilla,daltonchad@example.net,Female,42,Mumbai,West,2023-01-12,Regular
679,Jeffery Nelson,kristinmiller@example.com,Female,50,Lucknow,North,2023-07-11,Premium
680,Tony Leonard,rodriguezmichael@example.net,Female,49,Surat,West,2024-11-13,Regular
681,Matthew Bush,devonrogers@example.net,Male,64,Delhi,North,2022-07-20,New
682,Todd Carpenter,karenhodges@example.com,Male,52,Surat,West,2022-10-17,Regular
683,Michael Ramirez,watsonshaun@example.net,Male,49,Bhubaneswar,East,2023-08-04,Regular
684,Michael Gregory,shannon51@example.org,Female,53,Pune,West,2024-03-03,Premium
685,Bobby Hurst,susan11@example.org,Female,61,Guwahati,East,2025-05-22,New
686,Kathleen Golden,cartertara@example.net,Male,58,Chandigarh,North,2023-05-03,New
687,Jason Rojas,carterbryan@example.org,Male,25,Patna,East,2025-07-09,New
688,Gabriella Lane,todd88@example.com,Female,47,Chennai,South,2025-03-13,Regular
689,Stephanie Parker,jeremy54@example.org,Male,62,Bhubaneswar,East,2023-12-10,New
690,Tyler Montgomery,jennifermitchell@example.org,Male,35,Pune,West,2022-11-28,Regular
691,Mary Hernandez,darylchaney@example.net,Female,23,Surat,West,2025-03-19,Regular
692,Cody Hart,wadetiffany@example.org,Male,43,Chennai,South,2022-11-02,Premium
693,Carla Turner,sullivanvictor@example.org,Female,59,Kochi,South,2023-08-29,Regular
694,Brittney Cordova,deborah47@example.com,Male,31,Jaipur,North,2025-07-29,Regular
695,Wendy Estrada,hmorgan@example.net,Male,51,Bengaluru,South,2025-08-24,Premium
696,Michael Wilson,moralesmary@example.com,Male,62,Delhi,North,2024-01-05,Regular
697,Lee Lee,kimberlywang@example.org,Female,62,Jaipur,North,2023-08-10,Regular
698,Jill Powers,daughertypreston@example.com,Male,42,Lucknow,North,2022-06-28,Regular
699,Terri Kerr,raymond65@example.com,Male,38,Jaipur,North,2023-06-23,Regular
700,Gregory Madden,lewispamela@example.net,Male,42,Pune,West,2023-08-29,New
701,Donna Shaffer,achandler@example.org,Male,22,Bengaluru,South,2025-09-21,Regular
702,Briana Turner,carl96@example.org,Male,46,Delhi,North,2025-03-14,Regular
703,Denise Thompson,wpage@example.org,Male,44,Hyderabad,South,2022-06-09,Premium
704,Donna Henry,mary47@example.net,Male,23,Patna,East,2023-01-29,New
705,Rick Moore,stephanie71@example.net,Male,55,Bengaluru,South,2024-11-18,Premium
706,Christopher Knox,anthonyhubbard@example.com,Female,38,Surat,West,2024-08-20,New
707,Patrick Perkins,ooneill@example.net,Female,59,Kochi,South,2025-09-24,Regular
708,Barbara Hunt,brucefrancisco@example.org,Male,60,Pune,West,2024-01-01,New
709,Michael Howard,nelsonrobert@example.com,Male,65,Hyderabad,South,2022-11-25,Regular
710,Mark Jones,katiewhite@example.org,Male,49,Chandigarh,North,2022-07-30,Regular
711,Frank Stewart,joseph51@example.net,Female,58,Kochi,South,2024-05-30,Premium
712,Alexandria Holmes,kimberly65@example.org,Female,38,Delhi,North,2024-05-07,Regular
713,Daniel Lopez,butlersabrina@example.org,Female,52,Bhubaneswar,East,2022-10-03,Premium
714,Karen Collins,don79@example.net,Male,19,Guwahati,East,2025-02-22,Premium
715,Michael Johnson,walkermelissa@example.org,Female,31,Delhi,North,2024-12-17,Regular
716,Daniel Zavala,yvazquez@example.org,Female,50,Chandigarh,North,2024-09-16,Regular
717,Nicole Williams,johnsondonna@example.net,Female,62,Bhubaneswar,East,2022-09-03,Regular
718,David Jones,websterkimberly@example.net,Female,23,Bengaluru,South,2022-08-12,Regular
719,Cathy Bell,thomasjulie@example.com,Male,52,Hyderabad,South,2023-02-06,Regular
720,Christopher Mason,williamjones@example.net,Female,62,Lucknow,North,2025-07-30,Regular
721,Michelle Brandt,rachelmedina@example.net,Male,33,Kochi,South,2024-12-16,Regular
722,Jonathan Zimmerman,helen27@example.net,Male,47,Bhubaneswar,East,2022-09-29,Premium
723,Henry Gray,willierussell@example.com,Female,60,Chandigarh,North,2025-08-10,Premium
724,Chad Farmer,angela01@example.com,Male,18,Chennai,South,2022-10-29,Premium
725,Jesus Fitzgerald,aperez@example.com,Male,49,Delhi,North,2024-01-23,New
726,Scott Jacobson,xcrosby@example.org,Male,41,Mumbai,West,2025-09-12,Regular
727,Megan Sanders,wilsonralph@example.net,Male,19,Mumbai,West,2022-06-16,Regular
728,Timothy Levine,coxjames@example.org,Female,51,Bhubaneswar,East,2024-05-20,Regular
729,Barbara Massey DDS,kathy99@example.com,Female,47,Lucknow,North,2024-05-25,Regular
730,Terri Kelly,garcher@example.com,Female,54,Chandigarh,North,2024-12-08,Regular
731,Bryan Burns,courtneytaylor@example.org,Female,24,Chennai,South,2022-11-27,New
732,Kathleen Johnson,patrickshelton@example.org,Male,65,Jaipur,North,2024-11-15,Regular
733,Paige Guerrero,msparks@example.com,Male,33,Chandigarh,North,2023-06-04,Regular
734,Dennis Cooper PhD,cisnerosanthony@example.com,Female,27,Surat,West,2024-08-15,Regular
735,Jerry Farrell,cstevens@example.org,Female,32,Chandigarh,North,2025-05-07,Regular
736,Elizabeth Mccarthy,tjordan@example.net,Female,35,Bhubaneswar,East,2024-04-09,New
737,Laura Henry,kalvarez@example.net,Male,50,Surat,West,2023-09-17,Premium
738,Kevin Gray,katie45@example.org,Male,32,Chandigarh,North,2022-08-07,New
739,Russell Bailey,hubbardcolleen@example.com,Female,22,Chandigarh,North,2022-07-05,New
740,Hunter Bell,johnwong@example.net,Female,38,Pune,West,2022-09-27,Regular
741,Sheila Wilson,andrewnguyen@example.com,Male,41,Patna,East,2022-09-12,Regular
742,Jose Fisher,dominguezbrianna@example.com,Male,47,Pune,West,2024-08-10,Regular
743,Kenneth Stokes,vazquezjamie@example.com,Male,64,Guwahati,East,2023-09-04,New
744,Gina Mendez,tara37@example.net,Male,18,Kochi,South,2024-02-03,New
745,Sara Herrera,joseph49@example.com,Male,52,Delhi,North,2025-03-29,Regular
746,Tina Robbins,vargasjoshua@example.net,Female,18,Delhi,North,2025-02-05,New
747,Daniel Flynn,william46@example.net,Female,24,Kolkata,East,2025-01-31,Regular
748,James Weber,jpowers@example.org,Female,49,Kochi,South,2024-03-19,New
749,Kelli Lopez,vlewis@example.com,Female,23,Bengaluru,South,2025-05-08,Regular
750,Rhonda Farrell,umichael@example.net,Female,62,Kochi,South,2023-04-23,New
751,Joel Allen,megan65@example.org,Male,55,Patna,East,2022-08-12,Regular
752,Debra Mitchell,jonathanburke@example.com,Female,22,Bengaluru,South,2024-07-12,Premium
753,Alexis Robles,steven86@example.com,Female,60,Chandigarh,North,2023-03-18,New
754,Christopher Taylor,kristine48@example.org,Female,34,Kochi,South,2024-07-27,New
755,Nathan Casey,heathchristopher@example.net,Female,38,Kolkata,East,2024-07-24,Regular
756,Troy Mosley,sandersmary@example.org,Male,30,Kochi,South,2023-05-29,Regular
757,Kathryn Martinez,tyler13@example.net,Male,24,Jaipur,North,2023-03-15,Regular
758,Erin Silva,vshaffer@example.org,Female,44,Patna,East,2022-10-27,Regular
759,Brian Lewis,scott49@example.org,Male,46,Surat,West,2025-07-14,Regular
760,Travis Stewart,pwells@example.com,Male,23,Mumbai,West,2024-01-19,Regular
761,Heidi Baldwin,andrew90@example.net,Male,31,Pune,West,2025-05-07,New
762,Melissa Mccormick,johnnycruz@example.net,Male,23,Ahmedabad,West,2024-08-15,Premium
763,Robert Martinez,miaprice@example.com,Female,50,Surat,West,2025-08-11,Regular
764,Elizabeth Mayer,kennethvillarreal@example.org,Female,29,Pune,West,2025-07-04,Regular
765,Sherry Wang,rmccormick@example.org,Female,53,Kolkata,East,2025-06-20,Premium
766,Kaitlin Gutierrez,jennifer12@example.net,Male,47,Kochi,South,2025-02-27,Regular
767,Jason Daniel,shawn00@example.net,Male,18,Bengaluru,South,2023-04-14,Regular
768,Rachel Taylor,tgonzalez@example.com,Male,30,Kochi,South,2024-07-21,New
769,David Reeves,melaniejennings@example.com,Male,55,Surat,West,2024-05-02,Premium
770,Brandi Thompson,lauren31@example.com,Male,22,Lucknow,North,2023-12-02,Regular
771,James Davenport,andrewjohnson@example.net,Male,23,Patna,East,2023-08-22,New
772,Susan Mccann,josechristian@example.org,Male,20,Ahmedabad,West,2024-07-28,New
773,David Davis,george91@example.org,Male,54,Chandigarh,North,2023-10-02,Regular
774,Thomas Chavez,twilson@example.org,Female,19,Kolkata,East,2024-10-23,Regular
775,Rachael Roberts,breyes@example.org,Male,40,Bhubaneswar,East,2023-01-19,Regular
776,Diane Byrd MD,bsparks@example.com,Female,35,Chennai,South,2024-05-31,Regular
777,Jerry Wright,emiller@example.org,Male,57,Bengaluru,South,2025-09-01,Premium
778,Jennifer Lewis,verickson@example.net,Female,49,Kochi,South,2025-04-27,Regular
779,Anthony Cook,thomasgomez@example.net,Male,23,Guwahati,East,2023-04-09,Regular
780,Linda Goodman,smithwilliam@example.com,Female,30,Bengaluru,South,2025-07-19,Premium
781,Jacob Donaldson,carpenterjorge@example.net,Male,42,Kochi,South,2023-06-04,New
782,John Davis,hthomas@example.com,Female,52,Surat,West,2024-01-22,New
783,Seth Davenport,sara44@example.net,Female,42,Surat,West,2022-07-24,Regular
784,Kelly Graham,leslievang@example.org,Female,56,Delhi,North,2025-03-07,Regular
785,Mallory Gonzales,edgarhall@example.org,Male,48,Mumbai,West,2024-04-07,Regular
786,John Wilson,wwilliams@example.net,Male,24,Kochi,South,2023-12-25,Regular
787,Brian Cortez,daviddavis@example.com,Female,52,Kochi,South,2024-04-14,New
788,Jordan Nelson,brandybonilla@example.net,Male,54,Chandigarh,North,2023-01-07,New
789,Thomas Sanchez,vrhodes@example.org,Female,29,Kolkata,East,2024-12-21,Regular
790,Mrs. Jacqueline Hickman,hooderic@example.org,Female,55,Ahmedabad,West,2023-05-13,Regular
791,Karen Fuller,brooke05@example.org,Male,54,Surat,West,2023-12-13,New
792,Erika Dennis,jasonwilliams@example.net,Female,29,Guwahati,East,2024-08-08,Regular
793,Natasha Payne,qdavis@example.org,Male,32,Lucknow,North,2023-05-11,Premium
794,Jennifer Smith,frankchan@example.com,Female,18,Delhi,North,2023-03-20,Regular
795,Brittany Evans,tfitzgerald@example.net,Male,39,Hyderabad,South,2024-07-28,Premium
796,Brendan Richardson,tracymcclure@example.com,Male,19,Ahmedabad,West,2024-06-05,Regular
797,Ann Henderson,christina66@example.org,Male,51,Bengaluru,South,2023-04-24,New
798,John Walker,sarahrose@example.net,Female,63,Lucknow,North,2022-07-20,New
799,Jeffrey Solomon,ievans@example.net,Male,39,Kolkata,East,2024-03-01,Regular
800,Kelly Phillips,arnoldsamantha@example.net,Male,64,Bengaluru,South,2025-06-04,New
801,Brandon Guerrero,michael91@example.net,Female,29,Guwahati,East,2022-10-10,Premium
802,Julie Hartman,awilliams@example.net,Male,60,Surat,West,2022-06-20,Premium
803,Jordan Santiago,matthew23@example.org,Female,37,Chennai,South,2023-05-29,Premium
804,Mrs. Megan Hamilton,smithdarryl@example.org,Male,29,Pune,West,2022-09-04,Premium
805,Jared Sandoval,nturner@example.com,Male,29,Kolkata,East,2024-08-07,Premium
806,Megan Ballard,martinezalexander@example.org,Male,49,Kochi,South,2024-09-19,Regular
807,Chelsea Johnson,pwong@example.org,Male,40,Lucknow,North,2025-02-18,New
808,Rachel Lee,kayla27@example.com,Male,63,Chennai,South,2023-11-13,Premium
809,Christian Park,cruiz@example.net,Female,18,Ahmedabad,West,2022-06-27,Regular
810,Ronald Myers,alan66@example.com,Male,40,Kochi,South,2023-03-23,Regular
811,Kristen Roberts,gross@example.net,Male,21,Jaipur,North,2024-11-14,Regular
812,Susan Dillon,jenniferrice@example.com,Male,44,Bhubaneswar,East,2024-10-30,Regular
813,Debra Wong,nwilson@example.net,Female,52,Kolkata,East,2024-05-03,Regular
814,Alisha Roberts,taylorkim@example.net,Male,28,Guwahati,East,2023-07-28,Regular
815,Gina Guzman,sanderson@example.net,Female,19,Chandigarh,North,2023-02-23,Regular
816,Sandra Nunez,laura29@example.org,Male,39,Jaipur,North,2024-10-14,Regular
817,Mary Anderson,ericvasquez@example.com,Male,64,Kolkata,East,2023-05-11,Regular
818,David Hawkins DVM,nicole52@example.org,Female,56,Lucknow,North,2025-07-23,New
819,Amanda Brown,owilson@example.org,Male,45,Guwahati,East,2025-03-05,New
820,Dr. Richard Hammond,paula89@example.net,Female,28,Chennai,South,2024-04-15,Regular
821,Tracy Lloyd,villegaskimberly@example.net,Male,30,Ahmedabad,West,2022-10-05,Regular
822,Samantha Williams,jacksondavid@example.org,Female,37,Mumbai,West,2025-01-08,Regular
823,Edgar Alexander,goconnor@example.org,Female,54,Chandigarh,North,2025-06-14,Regular
824,Chad Allison,xmontes@example.org,Male,21,Guwahati,East,2024-07-28,Regular
825,Gloria Wagner,adamsjennifer@example.com,Male,36,Bhubaneswar,East,2023-03-26,New
826,Brittany Molina,icobb@example.com,Male,24,Guwahati,East,2023-08-14,Regular
827,Jimmy Phelps,sherry72@example.org,Female,23,Chennai,South,2023-10-17,Regular
828,Andrea Morgan,kholden@example.com,Female,43,Jaipur,North,2024-10-22,Regular
829,Mary May,levinetina@example.net,Male,59,Mumbai,West,2022-08-14,Regular
830,Jennifer Blackwell,jennifer55@example.org,Female,42,Chennai,South,2025-05-02,Regular
831,Lisa Thomas,ngriffin@example.net,Male,34,Patna,East,2025-03-04,Regular
832,Jessica Reed,trowe@example.org,Male,35,Mumbai,West,2024-06-30,Premium
833,Neil Singh,abigailfernandez@example.org,Male,23,Bengaluru,South,2022-07-16,Premium
834,Kelly Sherman,andrewzamora@example.net,Male,53,Bhubaneswar,East,2022-09-22,Regular
835,Raymond Barber,dennismckenzie@example.com,Female,52,Kolkata,East,2024-05-22,Premium
836,Anthony Curtis,westashley@example.org,Male,48,Guwahati,East,2024-07-03,Regular
837,Dr. Virginia Cunningham,michaelmitchell@example.net,Male,50,Kolkata,East,2023-12-04,Premium
838,James Mclaughlin,murphybrandi@example.com,Male,46,Bengaluru,South,2024-04-28,Regular
839,Jeffery Jenkins,brownpamela@example.com,Male,30,Chennai,South,2023-12-06,Regular
840,Michael Powell,lwiggins@example.com,Male,61,Bhubaneswar,East,2023-02-17,Regular
841,Melissa Gould PhD,jcolon@example.net,Female,38,Bengaluru,South,2024-07-15,New
842,Beverly Bush,bensonstanley@example.org,Male,42,Lucknow,North,2022-11-02,Premium
843,Jaclyn Crane,xrodriguez@example.net,Female,51,Ahmedabad,West,2024-11-26,Regular
844,Autumn Torres,kevin70@example.org,Female,25,Delhi,North,2023-05-19,Regular
845,Amber Shannon,jason70@example.org,Male,24,Bengaluru,South,2022-11-21,Premium
846,Andrew Olson,ariel56@example.com,Female,52,Jaipur,North,2024-03-28,New
847,Brandi Taylor,qgill@example.com,Female,42,Bhubaneswar,East,2025-03-13,Premium
848,Ann Weber,zhughes@example.com,Male,29,Guwahati,East,2022-11-29,Regular
849,Stacy Fitzgerald,clinejasmine@example.net,Female,20,Bengaluru,South,2024-03-20,Regular
850,Ellen Brewer,leechristine@example.net,Male,21,Ahmedabad,West,2024-07-07,Premium
851,Kelly Christensen,martinezsharon@example.org,Female,19,Mumbai,West,2024-12-09,Regular
852,Daniel Gallegos,imiller@example.net,Female,35,Pune,West,2025-08-16,New
853,Katherine Peck,samuel60@example.net,Male,26,Jaipur,North,2023-06-26,Regular
854,Brian Garcia,justinwhite@example.org,Female,35,Patna,East,2023-06-22,Premium
855,Meghan Brown,howard04@example.com,Male,46,Lucknow,North,2022-12-05,Regular
856,Steven Scott,williamsjohn@example.net,Female,51,Bhubaneswar,East,2022-09-29,New
857,Paul Cruz Jr.,floresangela@example.org,Male,22,Chandigarh,North,2024-05-14,Regular
858,David Mercado,angela91@example.org,Male,51,Kolkata,East,2024-01-11,New
859,Beth Carroll,omiller@example.net,Male,30,Delhi,North,2024-12-16,New
860,Jacqueline Galloway,amandahenderson@example.net,Male,33,Hyderabad,South,2023-02-03,Regular
861,John Calderon,denise20@example.org,Female,63,Chandigarh,North,2023-12-03,Regular
862,Mr. Ryan James,megan39@example.net,Female,50,Surat,West,2025-07-12,Regular
863,Joseph Jones,fosterdavid@example.org,Male,33,Jaipur,North,2023-05-09,Regular
864,Dr. Christine Wagner PhD,cynthia74@example.org,Male,48,Patna,East,2024-10-31,Premium
865,Daniel Haley,allen20@example.net,Female,28,Surat,West,2024-08-15,New
866,Megan Gutierrez,ifarmer@example.org,Male,36,Mumbai,West,2024-01-02,Regular
867,Angela Johnson,wchambers@example.com,Male,54,Chandigarh,North,2025-01-14,New
868,Christopher Tate,martinezmitchell@example.org,Male,59,Hyderabad,South,2025-03-04,Regular
869,Alejandro Campbell,james94@example.net,Female,59,Hyderabad,South,2023-11-24,Regular
870,Tracy Johnson,tconway@example.net,Male,48,Delhi,North,2023-02-25,New
871,Roberto Foster,ashley72@example.net,Male,32,Chennai,South,2023-02-10,Regular
872,Megan Morrison,cameronanderson@example.org,Female,45,Pune,West,2023-01-23,New
873,Savannah Ibarra,james08@example.net,Female,34,Surat,West,2022-11-03,Regular
874,Jordan Pace,nashmarcus@example.com,Female,55,Pune,West,2023-04-05,Regular
875,Julie Ward,stephensonjeffrey@example.com,Female,37,Surat,West,2023-04-30,Premium
876,Emily Myers,christopher90@example.net,Male,39,Guwahati,East,2025-06-23,New
877,Tina Stark,frankcollins@example.net,Female,34,Ahmedabad,West,2023-03-02,Premium
878,Jeffrey Johnson,mary31@example.com,Male,27,Pune,West,2024-07-01,Regular
879,Anthony Cook,sherryparsons@example.net,Male,56,Kochi,South,2023-03-18,Regular
880,Jeremy Martinez,rangelnicholas@example.net,Male,64,Ahmedabad,West,2023-11-17,Regular
881,Thomas Ramos,cheryl61@example.org,Female,34,Guwahati,East,2022-08-19,New
882,Elizabeth James,williamsonrobert@example.net,Female,65,Kolkata,East,2024-09-03,Regular
883,Jody Marshall,nhobbs@example.org,Female,64,Hyderabad,South,2025-01-15,Premium
884,Rachel Gibson,briana11@example.org,Female,50,Guwahati,East,2023-07-19,Regular
885,Richard Lee,danascott@example.com,Male,36,Chennai,South,2024-05-25,Regular
886,Charlene Taylor,brownlarry@example.com,Female,64,Bengaluru,South,2024-01-08,New
887,Heather Silva,dylanparker@example.com,Female,59,Chennai,South,2024-02-15,Regular
888,Kelly Sandoval,brianhunter@example.net,Male,65,Surat,West,2023-05-21,New
889,Craig Gonzalez,kristenpeterson@example.net,Female,41,Bhubaneswar,East,2025-04-11,Regular
890,Julie Schwartz,christina65@example.org,Female,25,Pune,West,2024-01-01,Regular
891,Susan Crawford,fowlerheather@example.com,Female,30,Lucknow,North,2022-10-06,Regular
892,Nicholas Cisneros,lindsay63@example.com,Female,44,Kolkata,East,2024-06-29,Regular
893,Heidi Jones MD,thomasscott@example.net,Male,30,Bengaluru,South,2023-01-11,Regular
894,Amanda Johnson,justinrobinson@example.com,Male,38,Patna,East,2024-05-14,New
895,Julian White,thompsonjose@example.org,Male,49,Chennai,South,2024-10-23,Regular
896,Jamie Cobb,morganjason@example.com,Female,58,Chennai,South,2022-06-26,Regular
897,Mary Pugh,ejohns@example.org,Female,31,Patna,East,2023-03-20,New
898,Rebecca Lee,ubenson@example.net,Male,49,Chennai,South,2022-11-23,New
899,Tammy Hines,melissaphillips@example.org,Male,57,Lucknow,North,2023-11-06,Regular
900,Robert Salas,fclark@example.com,Female,45,Bhubaneswar,East,2023-07-05,New
